video_id,title,channelId,channelTitle,categoryId,duration,thumbnail_link,tags,description,channel_desc,channel_keywords,related_vid_id
NjHTMyxjF84,"YouTubers Writing Songs in the Style of Big Artists","UC9SVhrnsGxWwiBRWT9c7Ozw","RoomieOfficial","0","0","https://i.ytimg.com/vi/NjHTMyxjF84/default.jpg","[]","Some of these are SPOT ON!!!Get your merch while it lasts - https://crowdmade.com/collections/roomieofficialYouTubers featured in this video:@Internet Jules @SteveTerreberry @Fleece Music@EDWAN @Dion Beary @Iamdices @Music with Edgar Discord server: http://discord.gg/roomiehttp://twitter.com/RoomieOfficialMerch: https://crowdmade.com/collections/roomieofficialReddit: http://reddit.com/r/RoomieOfficialSpotify: https://open.spotify.com/artist/3ti6KzYwDK7GTraIlnLUdu?si=MuevIkhCSZSvjGv8cQdq-wMy & video & music gear: https://kit.co/RoomieOfficialhttp://instagram.com/RoomieOfficialBusiness contact (Sponsorships etc): laura@laurachernikoff.comEdited by Jiva Brown","I make videos. Sometimes music. Sometimes babies.For business stuff, see below.","roomie roomieofficial comedy entertainment music singer singing impressions voices 15 voices 14 voices 23 one guy singing experiments YLYL you laugh you lose reddit one guy funny joel joel berghult","F0XVvi4qAzI"
mYwaa7OHKUw,"Least vs Most Successful Solo Careers (people who left bands)","UC9SVhrnsGxWwiBRWT9c7Ozw","RoomieOfficial","0","0","https://i.ytimg.com/vi/mYwaa7OHKUw/default.jpg","[]","Who hit it big and who got forgotten?Subscribe with notifications on or I'll cancel any future bug fixes for Cyberpunk 2077Discord server: http://discord.gg/roomiehttp://twitter.com/RoomieOfficialMerch: https://crowdmade.com/collections/roomieofficialReddit: http://reddit.com/r/RoomieOfficialSpotify: https://open.spotify.com/artist/3ti6KzYwDK7GTraIlnLUdu?si=MuevIkhCSZSvjGv8cQdq-wMy & video & music gear: https://kit.co/RoomieOfficialhttp://instagram.com/RoomieOfficialBusiness contact (Sponsorships etc): laura@laurachernikoff.comEdited by Joshua Fish","I make videos. Sometimes music. Sometimes babies.For business stuff, see below.","roomie roomieofficial comedy entertainment music singer singing impressions voices 15 voices 14 voices 23 one guy singing experiments YLYL you laugh you lose reddit one guy funny joel joel berghult","F0XVvi4qAzI"
oQFs3wGMBOI,"BEST SINGERS BY AGE (11-91 Years Old)","UC9SVhrnsGxWwiBRWT9c7Ozw","RoomieOfficial","0","0","https://i.ytimg.com/vi/oQFs3wGMBOI/default.jpg","[]","Get Honey for FREE today ‚ñ∏ http://joinhoney.com/roomieHoney finds coupons with the click of a button. Thanks to Honey for sponsoring!These are some of the best singers from all ages.Subscribe with notifications on or I'll steal all your Christmas gifts!Discord server: http://discord.gg/roomiehttp://twitter.com/RoomieOfficialMerch: https://crowdmade.com/collections/roomieofficialReddit: http://reddit.com/r/RoomieOfficialSpotify: https://open.spotify.com/artist/3ti6KzYwDK7GTraIlnLUdu?si=MuevIkhCSZSvjGv8cQdq-wMy & video & music gear: https://kit.co/RoomieOfficialhttp://instagram.com/RoomieOfficialBusiness contact (Sponsorships etc): laura@laurachernikoff.comEdited by Jiva Brown","","[]","F0XVvi4qAzI"
xxZ8d8llPoU,"Animated YouTuber Music Videos (My Review)","UC9SVhrnsGxWwiBRWT9c7Ozw","RoomieOfficial","0","0","https://i.ytimg.com/vi/xxZ8d8llPoU/default.jpg","[]","Some of the greatest animated internet culture of all time!Subscribe with notifications on or I will extend 2020Check out the full Music Videos:Everybody Do The Flop - https://www.youtube.com/watch?v=L5inD4XWz4ULife is Fun - https://www.youtube.com/watch?v=CAb_bCtKuXgI'm Something Else - https://www.youtube.com/watch?v=5IbiEyZXOBkThe Ultimate Showdown was taken down but the creator is @NeilCicieregaMusic Good Person - https://www.youtube.com/watch?v=MT-Xe-5qpRQDiggy Diggy Hole - https://www.youtube.com/watch?v=ytWz0qVvBZ0So Suspicious - https://www.youtube.com/watch?v=vmJcHaPlROYNo Mercy - https://www.youtube.com/watch?v=S9uTScSgzrMBadgers - https://www.youtube.com/watch?v=EIyixC9NsLII'll Save You - https://www.youtube.com/watch?v=0diwDG-06NcBrofist - https://www.youtube.com/watch?v=5pEPpNpbnCIDiscord server: http://discord.gg/roomiehttp://twitter.com/RoomieOfficialMerch: https://crowdmade.com/collections/roomieofficialReddit: http://reddit.com/r/RoomieOfficialSpotify: https://open.spotify.com/artist/3ti6KzYwDK7GTraIlnLUdu?si=MuevIkhCSZSvjGv8cQdq-wMy & video & music gear: https://kit.co/RoomieOfficialhttp://instagram.com/RoomieOfficialBusiness contact (Sponsorships etc): laura@laurachernikoff.comEdited by Jiva Brown","I make videos. Sometimes music. Sometimes babies.For business stuff, see below.","roomie roomieofficial comedy entertainment music singer singing impressions voices 15 voices 14 voices 23 one guy singing experiments YLYL you laugh you lose reddit one guy funny joel joel berghult","F0XVvi4qAzI"
p1pwiUKOeEM,"Why I'm taking a break from Minecraft","UCmaTp4cK0QRBnZwSPg-6kuA","navynexus","0","0","https://i.ytimg.com/vi/p1pwiUKOeEM/default.jpg","[]","This is not primarily a rant, and I point out when I have a biased opinion. I just cannot and won't force myself to play and make content on something that just isn't enjoyable for me. I make content out of passion and share it with people, not to make money off of it. The repeated movements against creative, fun and innovative gameplay just reduce the game from a creative sandbox to a zero fun policy to me. There are dozen if not hundreds of positive bug fixes made, but the sheer amount of unecessary nerfs, inconsistencies, incorrect changelog mentions, bugs created out of bugfixes, unclear patch notes and countless other unecessary changes just ruin the game for me. Sorry if anyone was expecting interesting new content from me, but I don't want to make forced content on something I don't enjoy. I hope you understand.On another note, I am going on vacation for two weeks, so I can't make videos during that time anyway. Maybe I just need a break from my PC to recover from burnout.This video is not monetized because 1. I am trying to prove that I don't make videos only for money 2. I feel like if someone spends 41min watching this they shouldn't have to watch ads.‚ïê‚ïê‚ïê‚ïê‚ïê‚ïê‚ïê‚ïêLinks:Outro song: Plaidness by Francis Preve‚ïê‚ïê‚ïê‚ïê‚ïê‚ïê‚ïê‚ïêMy channel: https://youtube.com/nexnavynexusMy second channel: https://youtube.com/nexusdeMy Twitter: https://twitter.com/navyxusMy Patreon: https://www.patreon.com/navynexusnavynexus Discord: https://discord.gg/HUxgfG7Xploit Discord: https://discord.gg/pRqEBjKTechRock Discord: https://discord.gg/BNjvWgX‚ïê‚ïê‚ïê‚ïê‚ïê‚ïê‚ïê‚ïê#minecraft #bedrock","Channel oriented around Minecraft Bedrock survival utility. You will find various types of content such as tutorials, showcases of concepts, gameplay of technical servers, discussion videos and more. I am a member of the Xploit and TechRock technical Minecraft servers.Find me in these places:‚ïê‚ïê‚ïê‚ïê‚ïê‚ïê‚ïê‚ïê‚ïê‚ïê‚ïê‚ïê‚ïê‚ïê‚ïê‚ïê‚ïê‚ïêChannel: https://youtube.com/nexnavynexusSecond channel: https://youtube.com/nexusdeTwitch: https://twitch.tv/navynexusTwitter: https://twitter.com/navyxusPatreon: https://patreon.com/navynexusnavynexus' evil lair: https://discord.gg/HUxgfG7Xploit: https://discord.gg/pRqEBjKTechRock: https://discord.gg/BNjvWgXArt by my friend Jinzuoo: https://twitter.com/jinzuoo","Minecraft Bedrock Technical","F0XVvi4qAzI"
85T_hMFDJZ0,"Female Singers' Most Embarrassing Moments On Stage","UC9SVhrnsGxWwiBRWT9c7Ozw","RoomieOfficial","0","0","https://i.ytimg.com/vi/85T_hMFDJZ0/default.jpg","[]","These embarrassing moments are HILARIOUS!Remember to like and subscribe, please. If you do, something CRAZY will happen!Today I watch a compilation of the most embarrassing and funny moments that female singers have had on stage. We get to see Ariana Grande accidentally hit two people in the face, Rihanna try on a bra thrown to her on stage and the classic Ciara kicking a fan in the face. There's even more epic fails from Jennifer Lopez, Britney Spears, Nicki Minaj & others!Discord server: http://discord.gg/roomiehttp://twitter.com/RoomieOfficialMerch: https://crowdmade.com/collections/roomieofficialReddit: http://reddit.com/r/RoomieOfficialSpotify: https://open.spotify.com/artist/3ti6KzYwDK7GTraIlnLUdu?si=MuevIkhCSZSvjGv8cQdq-wMy & video & music gear: https://kit.co/RoomieOfficialhttp://instagram.com/RoomieOfficialBusiness contact (Sponsorships etc): laura@laurachernikoff.comEdited by Martin Olsson","I make videos. Sometimes music. Sometimes babies.For business stuff, see below.","roomie roomieofficial comedy entertainment music singer singing impressions voices 15 voices 14 voices 23 one guy singing experiments YLYL you laugh you lose reddit one guy funny joel joel berghult","F0XVvi4qAzI"
kijYNEHfkGw,"Overly Google Translated Songs (Can You Guess Them?)","UC9SVhrnsGxWwiBRWT9c7Ozw","RoomieOfficial","0","0","https://i.ytimg.com/vi/kijYNEHfkGw/default.jpg","[]","This is basically impossible!!! Can you beat me?Subscribe with notifications on or I'll invent a time machine and put us back in 2020!Today we try and guess the famous song and pop artist after the lyrics have been translated 7 times to different languages through Google Translate and back to English again. We take a look at artists like Billie Eilish, Rihanna, Queen, Katy Perry, Taylor Swift, Lewis Capaldi and many more!Discord server: http://discord.gg/roomiehttp://twitter.com/RoomieOfficialMerch: https://crowdmade.com/collections/roomieofficialReddit: http://reddit.com/r/RoomieOfficialSpotify: https://open.spotify.com/artist/3ti6KzYwDK7GTraIlnLUdu?si=MuevIkhCSZSvjGv8cQdq-wMy & video & music gear: https://kit.co/RoomieOfficialhttp://instagram.com/RoomieOfficialBusiness contact (Sponsorships etc): laura@laurachernikoff.comEdited by Jiva Brown","I make videos. Sometimes music. Sometimes babies.For business stuff, see below.","roomie roomieofficial comedy entertainment music singer singing impressions voices 15 voices 14 voices 23 one guy singing experiments YLYL you laugh you lose reddit one guy funny joel joel berghult","F0XVvi4qAzI"
kF6iALqY4Ak,"HILARIOUS Commercial Jingles","UC9SVhrnsGxWwiBRWT9c7Ozw","RoomieOfficial","0","0","https://i.ytimg.com/vi/kF6iALqY4Ak/default.jpg","[]","These Jingles will get you bopping!Subscribe with notifications on or I'll steal your new PS5 that you go for Christmas.Discord server: http://discord.gg/roomiehttp://twitter.com/RoomieOfficialMerch: https://crowdmade.com/collections/roomieofficialReddit: http://reddit.com/r/RoomieOfficialSpotify: https://open.spotify.com/artist/3ti6KzYwDK7GTraIlnLUdu?si=MuevIkhCSZSvjGv8cQdq-wMy & video & music gear: https://kit.co/RoomieOfficialhttp://instagram.com/RoomieOfficialBusiness contact (Sponsorships etc): laura@laurachernikoff.comEdited by Martin Olsson","I make videos. Sometimes music. Sometimes babies.For business stuff, see below.","roomie roomieofficial comedy entertainment music singer singing impressions voices 15 voices 14 voices 23 one guy singing experiments YLYL you laugh you lose reddit one guy funny joel joel berghult","F0XVvi4qAzI"
-CZg1absOxY,"HATE COMMENT SONGS","UC9SVhrnsGxWwiBRWT9c7Ozw","RoomieOfficial","0","0","https://i.ytimg.com/vi/-CZg1absOxY/default.jpg","[]","They turned the HATE into music!Remember to like and subscribe and I will not be ANGRYToday we pick up where we left off yesterday and react and comment on other youtubers' songs made from hate comments. Awesome, a tiny bit cringe at some points but most of all HILARIOUS of course. Really impressed with what Madilyn Bailey, James Charles, Elise Ecklund & Colleen Ballinger made out of singing their hate comments! I hope you enjoy it as much as I did.Discord server: http://discord.gg/roomiehttp://twitter.com/RoomieOfficialMerch: https://crowdmade.com/collections/roomieofficialReddit: http://reddit.com/r/RoomieOfficialSpotify: https://open.spotify.com/artist/3ti6KzYwDK7GTraIlnLUdu?si=MuevIkhCSZSvjGv8cQdq-wMy & video & music gear: https://kit.co/RoomieOfficialhttp://instagram.com/RoomieOfficialBusiness contact (Sponsorships etc): laura@laurachernikoff.comEdited by August Green","","[]","F0XVvi4qAzI"
5i_zcGoUKtI,"I'm Taking a Break // Chatty Vlog + Subscriber Mailtime + Deep Cleaning!","UCRYQ0mlWC6tpVoH9UID0wXg","Michel Janse","0","0","https://i.ytimg.com/vi/5i_zcGoUKtI/default.jpg","[]","LOVE YOU SO MUCH!IN THIS VIDEO:Good Jane: https://bit.ly/3oN1v4BTeal Sweater I'm Wearing: https://go.magik.ly/ml/12nyz/The Wanderer Coffee: https://thewanderercoffeehouse.com/Bath Bomb & Body: https://www.etsy.com/shop/bathbombandbodySouthern Sis Boutiques: https://www.etsy.com/shop/SouthernSisBoutiquesCheck out my new site/blog: http://www.micheljansesmith.com/SHOP ALL MY FAVORITE THINGS: http://www.micheljansesmith.com/my-fav-thingsCheck out my Downloads: http://www.micheljansesmith.com/shopLatest Blog Posts: http://www.micheljansesmith.com/my-blogHAVE YOU LISTENED TO OUR PODCAST? Brook and I have a husband/wife podcast called 'Not Quite Average'! It is on all podcast platforms! https://podcasts.apple.com/us/podcast/not-quite-average/id1528188629Follow JANSE the label: https://www.instagram.com/janse.thelabel/https://www.jansethelabel.com/CHECK OUT MY HI, FRIENDS COLLECTION: https://teespring.com/stores/michel-janse-2~FOLLOW ME~INSTAGRAM: https://www.instagram.com/michel_janse_smith/MY DOODLE IG: https://www.instagram.com/made.by.michel/TWITTER: https://twitter.com/micheljsmithPOSHMARK: https://poshmark.com/closet/michel_jansePINTEREST: https://www.pinterest.com/michel_janse/BLOG: http://www.micheljansesmith.com/BROOK'S TWITTER: https://twitter.com/brookme3MAX THE DOGGO: https://www.instagram.com/max.the.goodest.boy/JTL: www.jansethelabel.com & https://www.instagram.com/janse.thelabel/WANT TO SEND ME SOMETHIN'?Christiane Smith600 Lincoln AvePO Box 91298Pasadena CA 91109-9998~SHOP~--FAV AFFILIATE LINKS & PROMO CODES---Most of my jewelry is from Mejuri and I have an affiliate link for 10% off: http://youtube.mejuri.com/Michel-Splendid Spoon (BEST smoothies & healthy food) $10 off with this link:https://splendidspoon.z724.net/c/2106165/590579/9621-Ollie (Max's Dog Food) 50%  off your first order:  https://bit.ly/3cq32Y5-ManiMe (My stick on nails!) $5 off with code 'michellovesmanis' https://www.manime.co/shop-Roolee (My Fav Online Boutique) Check for frequent sales: http://www.roolee.com?tap_a=6753-c39683&tap_s=743582-196543-Cozy Earth Bedding (my bamboo sheets!) Use code MICHEL50 for HALF OFF! https://glnk.io/9y64/michel-janse-smith -VellaBox (the best candle subscription!) 'MICHEL5' for $5 off https://www.vellabox.com/?ref=micheljanse-----Equipment------- VLOG CAMERA: https://amzn.to/39Y0iAVMAIN CAMERA: https://amzn.to/2tWr5NtHandheld Tripod: https://amzn.to/2XsNXQxBracket/rig for mic: https://amzn.to/3kmwwuK My vlog Mic: https://amzn.to/33rtJufBackup Battery: https://amzn.to/2Db2PMwCHEAP battery option (off-brand but I have them and they work well): https://amzn.to/33vvLcDMIC: https://amzn.to/37xTYOOLIGHTING: https://amzn.to/2VsNiypHard Drive: https://amzn.to/2yNyx08Wireless Mic Receiver: https://amzn.to/2XaCy71Lav Mic: https://amzn.to/3fLfhkm-----Michel's Favs-----Fav Affordable Matcha: https://amzn.to/352OhIkMy Fav Nutrition Book: https://amzn.to/2U0UFMEMy Sunglasses: https://amzn.to/2DM4k0LMy Backpack: https://amzn.to/2W9CP8cDaily Perfume: https://amzn.to/2DEe1hEFav Aesop Soap: https://amzn.to/2U3wWLEMy Room Fan: https://amzn.to/3aNHt3CMy White Noise Machine: https://amzn.to/3aMdXv9My Gym Shoes: https://amzn.to/2DySAP2Line a Day Journal: https://amzn.to/2VqLDJXFavorite Finance Book: https://amzn.to/2V0cX2iPre-Marital Book: https://amzn.to/2W4Jsc8Favorite Candle: https://amzn.to/2VtH01AMy Water Filter: https://amzn.to/2GMvmXu-----FAQ:-----~How tall am I? 5'7~Where am I from? Boerne, TX~Where do I live? Pasadena, CA~What did I study? Nutrition and Dietetics from ASU!~How old am I? 23 (born in '97)~How old is Brook? 27 (born in '93)~Are you Christian? YES!~What's your full name? Well it WAS Christiane Michel Janse but now it is Christiane Janse Smith so Michel is just a nickname now!~How do you pronounce that? Like... Christy-Anne Mick-Elle Jan-See~Do you have pets? YES! A rescue pupper named Max :-)~Favorite Store? Madewell~Favorite Drink? Oat Milk Matcha or Lemonade Kombucha~Favorite Friends? YOUFTC: This video is NOT Sponsored. Some links may be affiliate links meaning I make commissions on sales with no extra expense to you. (thanks for supporting me by using my links!) All opinions are my own.","Here we are a big 'ole friend group that together makes life easier, cuter & more FUN. Interior design, finance, cooking, thrifting wedding topics, marriage, lifestyle, health, beauty & so much more!Want to send me somethin'?600 Lincoln AvePO Box 91298Pasadena CA 91109-9998Let's be closer friends! Follow my IG: @Michel_Janse_SmithMy Website: https://www.micheljansesmith.com/My Store: https://jansethelabel.com/My Podcast: https://podcasts.apple.com/us/podcast/not-quite-average/id1528188629My Twitter: https://twitter.com/micheljsmith","lifestyle health nutrition interior design home homemaking finance marriage wedding cooking vegan gluten free wife thrifting thrift cheap affordable bride marriage studio apartment tiny house subscription box vlog","F0XVvi4qAzI"
aD3q8p5w9SM,"Songs You Can't Sing Along To #1","UC9SVhrnsGxWwiBRWT9c7Ozw","RoomieOfficial","0","0","https://i.ytimg.com/vi/aD3q8p5w9SM/default.jpg","[]","You definitely CAN'T sing along to these hit songs!Remember to subscribe with notifications on or I will put thumb prints all over your screen.Discord server: http://discord.gg/roomiehttp://twitter.com/RoomieOfficialMerch: https://crowdmade.com/collections/roomieofficialReddit: http://reddit.com/r/RoomieOfficialSpotify: https://open.spotify.com/artist/3ti6KzYwDK7GTraIlnLUdu?si=MuevIkhCSZSvjGv8cQdq-wMy & video & music gear: https://kit.co/RoomieOfficialhttp://instagram.com/RoomieOfficialBusiness contact (Sponsorships etc): laura@laurachernikoff.comEdited by Jiva BrownMixing by illberg","I make videos. Sometimes music. Sometimes babies.For business stuff, see below.","roomie roomieofficial comedy entertainment music singer singing impressions voices 15 voices 14 voices 23 one guy singing experiments YLYL you laugh you lose reddit one guy funny joel joel berghult","F0XVvi4qAzI"
OZQLDKrMu68,"Popular English Songs vs Non-English Songs","UC9SVhrnsGxWwiBRWT9c7Ozw","RoomieOfficial","24","951.0","https://i.ytimg.com/vi/OZQLDKrMu68/default.jpg","[none]","Are these songs in English better than songs in other languages?Remember to subscribe with notifications on or I will hide your Nintendo.Discord server: http://discord.gg/roomiehttp://twitter.com/RoomieOfficialMerch: https://crowdmade.com/collections/roomieofficialReddit: http://reddit.com/r/RoomieOfficialSpotify: https://open.spotify.com/artist/3ti6KzYwDK7GTraIlnLUdu?si=MuevIkhCSZSvjGv8cQdq-wMy & video & music gear: https://kit.co/RoomieOfficialhttp://instagram.com/RoomieOfficialBusiness contact (Sponsorships etc): laura@laurachernikoff.comEdited by Rikard Thol√©nMixing by illberg","I make videos. Sometimes music. Sometimes babies.For business stuff, see below.","roomie roomieofficial comedy entertainment music singer singing impressions voices 15 voices 14 voices 23 one guy singing experiments YLYL you laugh you lose reddit one guy funny joel joel berghult","F0XVvi4qAzI"
rByQ1to-8Rs,"UK vs USA - Whose Songs are BETTER?","UC9SVhrnsGxWwiBRWT9c7Ozw","RoomieOfficial","0","0","https://i.ytimg.com/vi/rByQ1to-8Rs/default.jpg","[]","The results are in folks!Remember to subscribe with notifications on or I'll be hella sad.Discord server: http://discord.gg/roomiehttp://twitter.com/RoomieOfficialMerch: https://crowdmade.com/collections/roomieofficialReddit: http://reddit.com/r/RoomieOfficialSpotify: https://open.spotify.com/artist/3ti6KzYwDK7GTraIlnLUdu?si=MuevIkhCSZSvjGv8cQdq-wMy & video & music gear: https://kit.co/RoomieOfficialhttp://instagram.com/RoomieOfficialBusiness contact (Sponsorships etc): laura@laurachernikoff.comEdited by Jiva BrownMusic Production by illberg","","[]","F0XVvi4qAzI"
ZkVWr9MycUM,"I sing in Swedish for the first time EVER","UC9SVhrnsGxWwiBRWT9c7Ozw","RoomieOfficial","0","0","https://i.ytimg.com/vi/ZkVWr9MycUM/default.jpg","[]","Swedish Week is finally here!Diploma:https://www.dropbox.com/s/mhwdgujbbi0i4c0/diploma.jpg?dl=0Discord server: http://discord.gg/roomiehttp://twitter.com/RoomieOfficialMerch: https://crowdmade.com/collections/roomieofficialReddit: http://reddit.com/r/RoomieOfficialSpotify: https://open.spotify.com/artist/3ti6KzYwDK7GTraIlnLUdu?si=MuevIkhCSZSvjGv8cQdq-wMy & video & music gear: https://kit.co/RoomieOfficialhttp://instagram.com/RoomieOfficialBusiness contact (Sponsorships etc): laura@laurachernikoff.comEdited by Rikard Thol√©n","","[]","F0XVvi4qAzI"
4SMwIpPT7O4,"Leslie's Top Watched Channel | Twitch Recap","UCeC7kydQzxobHyCAkMjtMsQ","Toast And Friends","0","0","https://i.ytimg.com/vi/4SMwIpPT7O4/default.jpg","[]","https://www.twitch.tv/fuslieFull vod herehttps://www.twitch.tv/videos/876661921#Leslie #TwitchRecap","this is not toast channeland this channel doesnt affiliate with toast or any of his friends","disguised toast offline tv sykkuno minecraft","F0XVvi4qAzI"
6H9IrDn5jGE,"The Making of Good Person (BTS w/ TheOdd1sOut)","UC9SVhrnsGxWwiBRWT9c7Ozw","RoomieOfficial","0","0","https://i.ytimg.com/vi/6H9IrDn5jGE/default.jpg","[]","Welcome to a peek behind the scenes of the making of Good Person!Watch the music video here: https://www.youtube.com/watch?v=MT-Xe-5qpRQ&ab_channel=TheOdd1sOutSubscribe to TheOdd1sOut: https://www.youtube.com/channel/UCo8bcnLyZH8tBIH9V1mLgqQListen to the song on Spotify: https://open.spotify.com/track/0Eif2W3T9zSCuCGKoMWnY3?si=q_XRmJg8REKVae1A2vxGKwDiscord server: http://discord.gg/roomiehttp://twitter.com/RoomieOfficialMerch: https://crowdmade.com/collections/roomieofficialReddit: http://reddit.com/r/RoomieOfficialSpotify: https://open.spotify.com/artist/3ti6KzYwDK7GTraIlnLUdu?si=MuevIkhCSZSvjGv8cQdq-wMy & video & music gear: https://kit.co/RoomieOfficialhttp://instagram.com/RoomieOfficialBusiness contact (Sponsorships etc): laura@laurachernikoff.comEdited by Rikard Thol√©n","I make videos. Sometimes music. Sometimes babies.For business stuff, see below.","roomie roomieofficial comedy entertainment music singer singing impressions voices 15 voices 14 voices 23 one guy singing experiments YLYL you laugh you lose reddit one guy funny joel joel berghult","F0XVvi4qAzI"
Hw5PfZU33aQ,"my old CRINGEY songs.","UC9SVhrnsGxWwiBRWT9c7Ozw","RoomieOfficial","0","0","https://i.ytimg.com/vi/Hw5PfZU33aQ/default.jpg","[]","Pls don't judge, my dudesListen to the full song clips! https://twitter.com/roomieofficial/status/1077249139346427905***List of my music & video gear: https://kit.co/RoomieOfficialPatreon: http://patreon.com/RoomieOfficialhttp://twitter.com/RoomieOfficialhttp://instagram.com/RoomieOfficialBusiness contact: laura@laurachernikoff.comMy helpers:Main animation by Jonas: http://youtube.com/JonasTheFriskAdditional art:Theo - http://instagram.com/capatartWilliam - http://instagram.com/UiriamuSean - http://instagram.com/seanbolster.artAnton MoverusSound: Martin Olsson https://www.youtube.com/channel/UC0Li1CiLYrbSKbS46yxl-KgJonasRoomie","I make videos. Sometimes music. Sometimes babies.For business stuff, see below.","roomie roomieofficial comedy entertainment music singer singing impressions voices 15 voices 14 voices 23 one guy singing experiments YLYL you laugh you lose reddit one guy funny joel joel berghult","F0XVvi4qAzI"
N7n2CB8Q9bQ,"2 Guys, 26 Songs (feat. Black Gryph0n)","UC9SVhrnsGxWwiBRWT9c7Ozw","RoomieOfficial","0","0","https://i.ytimg.com/vi/N7n2CB8Q9bQ/default.jpg","[]","Today me and Gabriel Brown AKA Black Gryph0n (https://www.youtube.com/channel/UCvzWGXYFDiiJ338KIJPhbhQ) team up to make an epic song mashup singing collab. We sing a compilation of 26 hits from both female and male singers, both recent and classic. Enjoy!Watch Black Gryph0n's One Guy, 54 Voices video here: https://www.youtube.com/watch?v=ZNFskLKrhx4Watch my One Guy, 43 Voices video here: https://www.youtube.com/watch?v=jPoLeJJsbCw&t=52sDiscord server: http://discord.gg/roomiehttp://twitter.com/RoomieOfficialMerch: https://crowdmade.com/collections/roomieofficialReddit: http://reddit.com/r/RoomieOfficialMy & video & music gear: https://kit.co/RoomieOfficialhttp://instagram.com/RoomieOfficialBusiness contact (Sponsorships etc): laura@laurachernikoff.comEdited by Dylan Locke","","[]","F0XVvi4qAzI"
sBRkxhIEPFQ,"Singers Improvising ON THE SPOT","UC9SVhrnsGxWwiBRWT9c7Ozw","RoomieOfficial","24","1147.0","https://i.ytimg.com/vi/sBRkxhIEPFQ/default.jpg","[none]","These singers are making up lyrics and melodies as they go!Remember to subscribe with notifications on or I will put thumb prints all over your screenDiscord server: http://discord.gg/roomiehttp://twitter.com/RoomieOfficialMerch: https://crowdmade.com/collections/roomieofficialReddit: http://reddit.com/r/RoomieOfficialSpotify: https://open.spotify.com/artist/3ti6KzYwDK7GTraIlnLUdu?si=MuevIkhCSZSvjGv8cQdq-wMy & video & music gear: https://kit.co/RoomieOfficialhttp://instagram.com/RoomieOfficialBusiness contact (Sponsorships etc): laura@laurachernikoff.comEdited by Rikard Thol√©n","I make videos. Sometimes music. Sometimes babies.For business stuff, see below.","roomie roomieofficial comedy entertainment music singer singing impressions voices 15 voices 14 voices 23 one guy singing experiments YLYL you laugh you lose reddit one guy funny joel joel berghult","F0XVvi4qAzI"
eFCocXfTBbM,"I've Retired from Gymnastics...","UCTFzlMvFx2f5D9t3fl79w7Q","Nile Wilson","0","0","https://i.ytimg.com/vi/eFCocXfTBbM/default.jpg","[]","FULL RETIREMENT DETAILS - https://www.youtube.com/watch?v=FYjdypywfLs&t=15s‚û¢ Merch- http://www.nwclothing.co.uk/‚û¢PODCAST - https://podcasts.apple.com/gb/podcast/neil-nile-podcast/id1472318017‚û¢ NEIL & NILE- https://www.youtube.com/channel/UCRSSEcNnFKURWw1NZ7DpRCg‚û¢ Join my FREE 7 Steps to Success - http://www.bodybible.life/‚û¢ Enquiries - luke@activatemanagement.co.uk‚û¢ Check out the best gymnastics app out there - http://www.fb-curves.com/‚û¢R&B- https://open.spotify.com/user/1177145901/playlist/0DqvE5p0HqNfDbE3sS8rKZ‚û¢House - https://open.spotify.com/user/1177145901/playlist/2Vw8Wv059AoDWKJRaBTfzE‚û¢ Depop -https://www.depop.com/joannaj‚û¢ Soundcloud ~ https://soundcloud.com/nile-wilson-2/sets/wobblers‚û¢Instagram https://instagram.com/nilemw/‚û¢Twitter https://twitter.com/NileMW‚û¢Facebook https://www.facebook.com/NileWilsonGy‚Ä¶‚û¢SnapChat - nilewilson","","[]","F0XVvi4qAzI"
jPoLeJJsbCw,"One Guy, 43 Voices (with music) - Roomie","UC9SVhrnsGxWwiBRWT9c7Ozw","RoomieOfficial","0","0","https://i.ytimg.com/vi/jPoLeJJsbCw/default.jpg","[]","Patreon - http://patreon.com/RoomieOfficialOne Guy 14 voices, One Guy 15 voices & One Guy 16 Voices - with music! Let me know which impressions you want me to do next in the comments.Follow Roomie:Twitter: http://twitter.com/RoomieOfficialFacebook: http://facebook.com/RoomieOfficialInstagram: http://instagram.com/RoomieOfficialEmail list: http://roomieofficial.com/MemberListWatch more Roomie:Original Songs: http://bit.ly/RoomieOriginalsHow To Play Series: http://bit.ly/RoomieHTPSubscribe on YouTube: http://www.youtube.com/user/RoomieOfficial?sub_confirmation=1Listen to Roomie:iTunes http://roomieofficial.com/iTunesAmazon MP3 http://roomieofficial.com/AmazonGoogle Play http://roomieofficial.com/GooglePlaySpotify http://roomieofficial.com/SpotifySupport Roomie: Patreon: http://patreon.com/RoomieOfficialMerch: http://store.roomieofficial.com","","[]","F0XVvi4qAzI"
iSP7QsE4xdg,"Can YouTubers Guess The BIGGEST Music Video On YouTube?","UC9SVhrnsGxWwiBRWT9c7Ozw","RoomieOfficial","24","1099.0","https://i.ytimg.com/vi/iSP7QsE4xdg/default.jpg","joel|roomie|comedy|hilarious|epic|reaction|biggest|music video|music|theodd1sout|jazza|grandayy|william osman|guess|youtubers|youtube|reacting|react|commentary|awesome","Which music video got the most views on YouTube in its first 24 hours?Remember to subscribe to these fellas:Grandayy - https://www.youtube.com/channel/UCa6TeYZ2DlueFRne5DyAnygJazza - https://www.youtube.com/user/DrawWithJazzaTheOdd1sOut - https://www.youtube.com/channel/UCo8bcnLyZH8tBIH9V1mLgqQWilliam Osman - https://www.youtube.com/channel/UCfMJ2MchTSW2kWaT0kK94YwBTS just broke the record for most views of a music video in 24 hours. Today I host a contest (that my editors tricked me into being in as well) where I call up other YouTubers and ask them to make a guess who the previous record holder was.Discord server: http://discord.gg/roomiehttp://twitter.com/RoomieOfficialMerch: https://crowdmade.com/collections/roomieofficialReddit: http://reddit.com/r/RoomieOfficialSpotify: https://open.spotify.com/artist/3ti6KzYwDK7GTraIlnLUdu?si=MuevIkhCSZSvjGv8cQdq-wMy & video & music gear: https://kit.co/RoomieOfficialhttp://instagram.com/RoomieOfficialBusiness contact (Sponsorships etc): laura@laurachernikoff.comEdited by August Green","I make videos. Sometimes music. Sometimes babies.For business stuff, see below.","roomie roomieofficial comedy entertainment music singer singing impressions voices 15 voices 14 voices 23 one guy singing experiments YLYL you laugh you lose reddit one guy funny joel joel berghult","F0XVvi4qAzI"
KQ1FyBxxKFI,"SONGWRITER Reacts to BTS (Î∞©ÌÉÑÏÜåÎÖÑÎã®) - 'Dynamite' Official MV","UC9SVhrnsGxWwiBRWT9c7Ozw","RoomieOfficial","24","841.0","https://i.ytimg.com/vi/KQ1FyBxxKFI/default.jpg","joel|roomie|roomieofficial|comedy|hilarious|funny|bts|dynamite|bts dynamite|kpop|hit song|amazing|reaction|react|reacting|maroon 5|music|musical|analysis|justin timberlake|bts dynamite reaction","I reviewed the first BTS song fully in English! Remember to like and subscribe, please. I love dat. BTS have already broken records with their music video for their brand new song ‚ÄùDynamite‚Äù. It got over 123 million views in 24 hours. In this video I watch it, review it and analyze it from a musician's stand point. I also discover that it borrows some elements from other hit songs by Justin Timberlake and Maroon 5.Discord server: http://discord.gg/roomiehttp://twitter.com/RoomieOfficialMerch: https://crowdmade.com/collections/roomieofficialReddit: http://reddit.com/r/RoomieOfficialSpotify: https://open.spotify.com/artist/3ti6KzYwDK7GTraIlnLUdu?si=MuevIkhCSZSvjGv8cQdq-wMy & video & music gear: https://kit.co/RoomieOfficialhttp://instagram.com/RoomieOfficialBusiness contact (Sponsorships etc): laura@laurachernikoff.comEdited by August Green","I make videos. Sometimes music. Sometimes babies.For business stuff, see below.","roomie roomieofficial comedy entertainment music singer singing impressions voices 15 voices 14 voices 23 one guy singing experiments YLYL you laugh you lose reddit one guy funny joel joel berghult","F0XVvi4qAzI"
UHqRyWiHVL4,"One Guy, 54 Voices (My Review)","UC9SVhrnsGxWwiBRWT9c7Ozw","RoomieOfficial","10","836.0","https://i.ytimg.com/vi/UHqRyWiHVL4/default.jpg","one guy 45 voices|impressions|one guy 54 voices|one guy|roomie|roomieofficial|one guy 14 voices|one guy 15 voices|one guy 16 voices|singing impressions|1 guy 14 voices|1 guy 15 voices|15 voices|14 voices|one guy 23 voices|singing|impression|voices|1 guy 16 voices|1 guy 23 voices|16 voices|23 voices|1 guy 17 voices|sing 17 voices|reaction|45 voices|reaction video|one guy 43 voices|sing|singer|music|gabriel brown|black gryphon|black gryph0n|review","I review ‚ÄúOne Guy 54 Voices‚Äù, and Black Gryphon‚Äôs singing impressions in it.Discord: http://discord.gg/roomieBlack Gryphon: https://www.youtube.com/user/christkidsReddit: http://reddit.com/r/RoomieOfficialPatreon: http://patreon.com/RoomieOfficial***List of my music & video gear: https://kit.co/RoomieOfficialPatreon: http://patreon.com/RoomieOfficialhttp://twitter.com/RoomieOfficialhttp://instagram.com/RoomieOfficialBusiness contact: laura@laurachernikoff.com","I make videos. Sometimes music. Sometimes babies.For business stuff, see below.","roomie roomieofficial comedy entertainment music singer singing impressions voices 15 voices 14 voices 23 one guy singing experiments YLYL you laugh you lose reddit one guy funny joel joel berghult","F0XVvi4qAzI"
2Vxo-W5IVEw,"Wilbur Soot - Your New Boyfriend (My Review)","UC9SVhrnsGxWwiBRWT9c7Ozw","RoomieOfficial","0","0","https://i.ytimg.com/vi/2Vxo-W5IVEw/default.jpg","[]","You guys have asked me A LOT to listen to this, so today I am.Subscribe with notifications on or I'll steal all your Christmas gifts!Subscribe to @Wilbur Soot Songs I listened to in this video:I'm in Love with an E-Girl - https://www.youtube.com/watch?v=YbYJKGWrG7UInternet Ruined Me - https://www.youtube.com/watch?v=arCoXdUC3wIYour New Boyfriend - https://www.youtube.com/watch?v=Xa0Swz3X1cQDiscord server: http://discord.gg/roomiehttp://twitter.com/RoomieOfficialMerch: https://crowdmade.com/collections/roomieofficialReddit: http://reddit.com/r/RoomieOfficialSpotify: https://open.spotify.com/artist/3ti6KzYwDK7GTraIlnLUdu?si=MuevIkhCSZSvjGv8cQdq-wMy & video & music gear: https://kit.co/RoomieOfficialhttp://instagram.com/RoomieOfficialBusiness contact (Sponsorships etc): laura@laurachernikoff.comEdited by Jiva Brown","I make videos. Sometimes music. Sometimes babies.For business stuff, see below.","roomie roomieofficial comedy entertainment music singer singing impressions voices 15 voices 14 voices 23 one guy singing experiments YLYL you laugh you lose reddit one guy funny joel joel berghult","F0XVvi4qAzI"
lwPWZee0_V4,"AMAZING Singing Impressions","UC9SVhrnsGxWwiBRWT9c7Ozw","RoomieOfficial","0","0","https://i.ytimg.com/vi/lwPWZee0_V4/default.jpg","[]","These impressions are MIND-BLOWINGLY good!Remember to like and subscribe if you don't want me to hit myself in the face.There are two guys here on YouTube that really have made a name for themselves when it comes to voice impressions. Danny Padilla and Mason Sperling record live one-take covers of famous songs with on the spot singing impressions of famous people. Today I watch some of the super popular videos and share my thoughts on it.Check out their channel here: https://www.youtube.com/channel/UCfhK8MfxO-9RCypkLDyW1rwDiscord server: http://discord.gg/roomiehttp://twitter.com/RoomieOfficialMerch: https://crowdmade.com/collections/roomieofficialReddit: http://reddit.com/r/RoomieOfficialSpotify: https://open.spotify.com/artist/3ti6KzYwDK7GTraIlnLUdu?si=MuevIkhCSZSvjGv8cQdq-wMy & video & music gear: https://kit.co/RoomieOfficialhttp://instagram.com/RoomieOfficialBusiness contact (Sponsorships etc): laura@laurachernikoff.comEdited by Jonas Frisk was & Martin Olsson","I make videos. Sometimes music. Sometimes babies.For business stuff, see below.","roomie roomieofficial comedy entertainment music singer singing impressions voices 15 voices 14 voices 23 one guy singing experiments YLYL you laugh you lose reddit one guy funny joel joel berghult","F0XVvi4qAzI"
HA_tnbV-LTM,"The Most VIRAL YouTube Covers of All Time #1","UC9SVhrnsGxWwiBRWT9c7Ozw","RoomieOfficial","24","1162.0","https://i.ytimg.com/vi/HA_tnbV-LTM/default.jpg","[none]","These covers have INSANE views!Subscribe with notifications on or I'll hide your WiFi router.Covers featured in this video:Titanium (Madilyn) - https://www.youtube.com/watch?v=PGoCtJzPHkUA Thousand Years (ThePianoGuys) - https://www.youtube.com/watch?v=QgaTQ5-XfMMRadioactive (Lindsey Stirling & Pentatonix) - https://www.youtube.com/watch?v=aE2GCa-_nyUJust A Dream (Kurt Hugo Schneider) - https://www.youtube.com/watch?v=a2RA0vsZXf8Somebody That I Used to Know (Walk Off The Earth) - https://www.youtube.com/watch?v=d9NF2edxy-MRolling In The Deep (Vasquez Sounds) - https://www.youtube.com/watch?v=a7UFm6ErMPUWe Can't Stop (Boyce Avenue) - https://www.youtube.com/watch?v=uzgp65UnPxAShape of You (J.Fla) - https://www.youtube.com/watch?v=MhQKe-aERsUHallelujah (Pentatonix) - https://www.youtube.com/watch?v=LRP8d7hhpoQDiscord server: http://discord.gg/roomiehttp://twitter.com/RoomieOfficialMerch: https://crowdmade.com/collections/roomieofficialReddit: http://reddit.com/r/RoomieOfficialSpotify: https://open.spotify.com/artist/3ti6KzYwDK7GTraIlnLUdu?si=MuevIkhCSZSvjGv8cQdq-wMy & video & music gear: https://kit.co/RoomieOfficialhttp://instagram.com/RoomieOfficialBusiness contact (Sponsorships etc): laura@laurachernikoff.comEdited by Jiva BrownMixed by Illberg","","[]","F0XVvi4qAzI"
R_U_ObbfMkk,"Roomie vs Black Gryph0n (Who's Better?)","UC9SVhrnsGxWwiBRWT9c7Ozw","RoomieOfficial","0","0","https://i.ytimg.com/vi/R_U_ObbfMkk/default.jpg","[]","The big showdown is here!Remember to subscribe with notifications or I will steal your Nintendo!Discord server: http://discord.gg/roomiehttp://twitter.com/RoomieOfficialMerch: https://crowdmade.com/collections/roomieofficialReddit: http://reddit.com/r/RoomieOfficialSpotify: https://open.spotify.com/artist/3ti6KzYwDK7GTraIlnLUdu?si=MuevIkhCSZSvjGv8cQdq-wMy & video & music gear: https://kit.co/RoomieOfficialhttp://instagram.com/RoomieOfficialBusiness contact (Sponsorships etc): laura@laurachernikoff.comEdited by Martin Olsson","","[]","F0XVvi4qAzI"
ErJx90SgMeY,"The Most VIRAL YouTube Covers of All Time #2","UC9SVhrnsGxWwiBRWT9c7Ozw","RoomieOfficial","0","0","https://i.ytimg.com/vi/ErJx90SgMeY/default.jpg","[]","These are some of the most INSANE covers out there!Subscribe with notifications on or I'll Uno Reverse us back to 2020Check out the full length covers:All of me (Luciana Zogbi) - https://www.youtube.com/watch?v=39_OmBO9jVgPhotograph (Boyce Avenue) - https://www.youtube.com/watch?v=tIA_vrBDC1gPaparazzi (Greyson Chance) - https://www.youtube.com/watch?v=bxDlC7YV5is&pbjreload=101Daft Punk (Pentatonix) - https://youtu.be/3MteSlpxCpoYou're Still The One (Teddy Swims) - https://youtu.be/_QWZQh0YYWASee You Again / Love Me Like You Do / Sugar (Megan Davies) - https://youtu.be/KzARx0EuDgcCups (Cimorelli) - https://www.youtube.com/watch?v=VJ7oFJAgLTEBeauty And A Beat (Kurt Hugo Schneider) - https://youtu.be/n-BXNXvTvV4Creep (PostmodernJukebox) - https://www.youtube.com/watch?v=m3lF2qEA2cwDiscord server: http://discord.gg/roomiehttp://twitter.com/RoomieOfficialMerch: https://crowdmade.com/collections/roomieofficialReddit: http://reddit.com/r/RoomieOfficialSpotify: https://open.spotify.com/artist/3ti6KzYwDK7GTraIlnLUdu?si=MuevIkhCSZSvjGv8cQdq-wMy & video & music gear: https://kit.co/RoomieOfficialhttp://instagram.com/RoomieOfficialBusiness contact (Sponsorships etc): laura@laurachernikoff.comEdited by Rikard Thol√©n","","[]","F0XVvi4qAzI"
FEnmPMC-gHs,"Can I Make Friday a Good Song?","UC9SVhrnsGxWwiBRWT9c7Ozw","RoomieOfficial","0","0","https://i.ytimg.com/vi/FEnmPMC-gHs/default.jpg","[]","Haters said it couldn't be done but I tried to make Friday by Rebecca Black into a good song.Discord server: http://discord.gg/roomiehttp://twitter.com/RoomieOfficialPatreon:  https://www.patreon.com/join/roomieofficialMerch: https://crowdmade.com/collections/roomieofficialReddit: http://reddit.com/r/RoomieOfficialMy & video & music gear: https://kit.co/RoomieOfficialhttp://instagram.com/RoomieOfficialBusiness contact (Sponsorships etc): laura@laurachernikoff.comEdited by Jonas Frisk, Martin Olsson, August Green & Dylan Locke","","[]","F0XVvi4qAzI"
uuPv81yB42k,"Kid Singers (And why I don't like them)","UC9SVhrnsGxWwiBRWT9c7Ozw","RoomieOfficial","0","0","https://i.ytimg.com/vi/uuPv81yB42k/default.jpg","[]","Thanks to Dollar Shave Club for sponsoring! Go to http://DollarShaveClub.com/roomie to get your first starter set for $5.Let's talk about kid singers and why I don't like them. Discord server: http://discord.gg/roomiehttp://twitter.com/RoomieOfficialPatreon:  https://www.patreon.com/join/roomieofficialMerch: https://crowdmade.com/collections/roomieofficialReddit: http://reddit.com/r/RoomieOfficialMy & video & music gear: https://kit.co/RoomieOfficialhttp://instagram.com/RoomieOfficialBusiness contact (Sponsorships etc): laura@laurachernikoff.comEdited by Jonas Frisk & Roomie","","[]","F0XVvi4qAzI"
knrjs07xSZM,"BACKWARDS SINGING CHALLENGE #3! #Reversify (Feat. Baasik)","UCvzWGXYFDiiJ338KIJPhbhQ","Black Gryph0n","0","0","https://i.ytimg.com/vi/knrjs07xSZM/default.jpg","[]","Do you have any video ideas you'd like to see me try? Hit me up on Twitter! @BlackGryph0n-- ALL OF MY IMPRESSIONS HERE: https://www.youtube.com/watch?v=NFf0A4MIB84&list=PLv1P-6YxEm6BijLF_pVM3wYLhjxKfGlWo-- CHECK OUT OUR MUSIC ON SPOTIFY: https://open.spotify.com/artist/4ET82ZtSfAK4utfjDauImD?si=ywGlKiz8T-y2jwI_Xu4fjw-- MORE OF MY MUSIC HERE: https://www.youtube.com/watch?v=2VldrGG0D9s&list=PLv1P-6YxEm6AgF6yiKtydFevNQV4RxKn4-- MY ALBUMS AVAILABLE HERE: https://blackgryph0n.bandcamp.com/album/immortal-- MORE OF THE STUFF I'M IN: https://www.youtube.com/watch?v=CZlfbep2LdU&list=PLv1P-6YxEm6BwWvcg3HF6oN7K_LcrMsOx-- YOU CAN GET ALL THE GEAR I USE HERE: https://www.amazon.com/shop/blackgryph0nI miss making videos with my brother! Hopefully, we'll get to do a lot more together once this pandemic is behind us. In the meantime, I'll probably keep doing videos with my offscreen associate... (Well, assuming she doesn't get sick of me. I know I do. :-P)And now... the links and the credits! *you cry because it's so beautiful*Subscribe to my brother Nate Brown (Baasik): https://www.youtube.com/user/BaasikmusicOh, and SUBSCRIBE TO ME TOO, PLEASE! https://www.youtube.com/c/BlackGryph0nYou can also follow me on:Patreon: https://www.patreon.com/BlackGryph0nTwitter: https://twitter.com/BlackGryph0nInstagram: https://www.instagram.com/blackgryph0n/Business Inquiries: GabrielBrownInfo@gmail.com- -- --- ---- Songs Used ---- --- -- -We Wish You The Merriest - Frank Sinatra & Bing CrosbySimply Having A Wonderful Christmas Time _ Paul McCartney10,000 Hours - Dan + Shay, Justin BieberEasier - 5 Seconds Of Summer (Feat. Charlie Puth)Santa Clause Is Coming To Town - Michael Buble- -- --- ---- END ---- --- -- -HELLO! DDRs (Dedicated Description Readers)!!Oh WOW! I am SOOOOOO tired... I haven't been sleeping well lately. Lots on my mind as Christmas approaches. It's definitely different this year, I won't be seeing some of my family members this Christmas and that makes me sad... but I also have a lot to be thankful for!OH! Something SUPER cool happened to me! I was leaving my LZ last week after a PPG flight, and a guy in a truck pulled up next to me and flashed his lights. I stopped and opened my window and he asked if I ever saw any cows when I was flying... I told him I did, quite frequently, and he asked if he could have my number in case he needed help locating them (there are a lot of free-range cattle around here). Two days ago, I got a text from his son saying they were near my area and, if I was planning to fly, they would love to know if I happened to see any cattle. I told them I'd meet them at the field and when I pulled up, I saw three cowboys with lassoes sitting on three beautiful horses! I had a chat with them and they told me where they needed the cows to go. After I took off, I surveyed the area and while I only spotted one at first, eventually I found a large group of about 20, just a few miles from the LZ. I spiraled over the location and the cowboys galloped in my direction. Once I got low, I noticed that the cattle would run from me if I got close enough, so I started hearding a group of them together and in the direction of the cowboys. It wasn't long before I had ten cows stampeding through the wash, and the cowboys were close behind, twiring their lassoes over their heads! They were able to rope a few of them by the time I landed, and once I touched down, they paid me for my fuel and said they'd love my help whenever I'm available!It was honestly one of the coolest things I've done this year and from now on I'd prefer if you call me by my new title air-cowboy as I feel I have earned it. I hope to work my way up to space-cowboy someday. Gotta start somewhere!I wish I had a video... And I DO! Here's my GoPro footage of the whole thing! https://www.youtube.com/watch?v=AkqaBzJIseMOk, the sun is coming up, that's my cue to go to bed.Love y'all!~Gabe","","[]","F0XVvi4qAzI"
zb7iFMG52Z4,"Unbelievable Voices On TikTok (Singing)","UC-tBKWJVAK-LUZPkZB92qzA","TikTok Session","0","0","https://i.ytimg.com/vi/zb7iFMG52Z4/default.jpg","[]","Unbelievable Voices On TikTok (Singing)Get Girls Apparel here: https://bit.ly/TikTokSessionGirlsMerchGet Cats Apparel here: https://bit.ly/TikTokSessionCatsMerchGet Meme Apparel here: https://bit.ly/TikTokSessionMemeMerchUse code TIKTOK5 for an Extra 5% discount ($49+)!Use code TIKTOK10 for an Extra 10% discount ($99+)!LEDs are currently 40% off at GlowUpLEDs!üî• https://glowupleds.com/?ref=XXXüî• EXTRA 10% off with code ‚ÄúTIKTOKSESSION‚Äùüî• FREE shipping WORLDWIDEüî• Purchases support this channelFor any business inquiries :lolamedard@gmail.com ~To get a shoutout all you guys have to do is to subscribe to the channel and follow tiktok_session on Instagram and DM me when you've done all these.Make sure to drop a likeCommentShare if you a Tik Tok LoverSubscribe for more videos :)And turn on the bell to get notified on NEW uploads..Follow TikTok Session on Instagram: https://www.instagram.com/sessionery/","","[]","F0XVvi4qAzI"
6Xp15pfxyiw,"Dream and Sapnap are LIVING TOGETHER NOW!!","UCnKjTuskQD_TceV1PTqo6XA","Dream Team Streams","0","0","https://i.ytimg.com/vi/6Xp15pfxyiw/default.jpg","[]","Dream surprised everyone recently on Twitter when Sapnap posted a picture of himself with Dream's cat, Patches. For the next month or so (NOT PERMANENTLY), Dream and Sapnap will be living together in the same house! Unfortunately, Georgenotfound will not be living with them too as he is unable to visit the USA anytime soon due to travel restrictions.Subscribe to Sapnap!Sapnap's Twitch channel: https://www.twitch.tv/sapnaptwSapnap's Youtube Channel: https://www.youtube.com/SapnapMusic: audioblocks.com","","[]","F0XVvi4qAzI"
uPyGuDG2r-A,"Game Theory: Spiderman DESTROYED New York! (Spider-Man: Miles Morales)","UCo_IB5145EVNcf8hw1Kku7w","The Game Theorists","0","0","https://i.ytimg.com/vi/uPyGuDG2r-A/default.jpg","[]","Special thanks to NordVPN for sponsoring this episode!Get a 2 Year Plan +¬†an extra 1 month FREE w/ code MATPAT ‚ñ∫¬†https://NordVPN.com/matpat It‚Äôs risk free with Nord‚Äôs 30 day money-back guarantee!*Correction - Dr. Vijay Modi is a Professor of Mechanical Engineering at Columbia UniversityTheorists, we are here to talk about the ending of Spider-Man: Miles Morales. That is your warning. You see, at the end of the game Miles absorbs¬†the giant blast meant to destroy his city and released it high above the skyline in order to keep people from being hurt. Well Miles, there is a slight problem with your solution. Miles, I am sorry to tell you that you did NOT save the city. Why? Watch to find out!Find the game here ‚ñ∫¬†https://www.playstation.com/en-us/games/marvels-spider-man-miles-morales/Get yourself some Theory Wear! ‚ñ∫¬†https://bit.ly/2UkxCv0¬† ¬†¬†SUBSCRIBE to Catch all the Theories! ‚ñ∫¬†https://goo.gl/kQWHkJ¬† ¬† ¬†¬†Need Royalty Free Music for your Content? Try Epidemic Sound.¬†Get A 30 Day Free Trial! ‚ñ∫ http://share.epidemicsound.com/MatPat#Spiderman #Marvel #MilesMorales #Spiderman2 #Spiderman3 #PS5 #Venom #GreenGoblin #MCU #MatPat #GameTheory¬†More THEORIES:¬†FNAF, The FINAL Timeline ‚ñ∫‚ñ∫ https://bit.ly/2MlHYFeFNAF, The Monster We MISSED! ‚ñ∫‚ñ∫¬†https://youtu.be/_ygN8HLCaJgFNAF This Theory Changes Everything ‚ñ∫ https://bit.ly/2JUQUn6FNAF, You Were Meant To Lose ‚ñ∫¬†https://youtu.be/7bn8hM9k0b0FNAF 6, No More Secrets ‚ñ∫ https://bit.ly/2LVCq4u¬†¬†¬†Credits:Writers: Matthew Patrick and Justin KuiperEditors:¬†Alex Sedge Sedgwick and¬†Danial BanditRants KeristoufiAssistant Editor: AlyssaBeCrazySound Editor: Yosi Berman","","[]","F0XVvi4qAzI"
i41M0no6ff4,"Film Theory: There Is Only DAD DÃøÃÉÃäÃ©aÕÉÃÑÕãÕéD ÕòÕàDAÕ°ÕÅÃòÃ™d ÃíÕûÃádÕÑÃöÃªaÕåÕäÕãÕãÕåDÕäÃíÕûÃ°Ãª ÃÜÕêÃåÕíÕÖÕàdÕùÕ°Ã∞ÃòAÕ†ÃöÃÅÃÑÕ¢ÕïÕüÃ™DÃàÃöÕÜÕÖÃúÃñ","UC3sznuotAs2ohg_U__Jzj_Q","The Film Theorists","0","0","https://i.ytimg.com/vi/i41M0no6ff4/default.jpg","[]","Subscribe to never miss a Film Theory! ‚ñ∫ http://bit.ly/1dI8VBH    Who is Dad? No, not YOUR dad or MY dad. DAD! The man at the center of the new surreal series on YouTube. While familiar with the creator, I only came across this channel a little while ago and when he made a video with MY FACE as the thumbnail (even though it was deleted soon after), I knew I had to sit up and pay attention. There is some WEIRD stuff going on behind the facade of neon colors and dance music. Who is Dad? WHAT is Dad? Well Theorists, we are about to find out.Catch up with Dad ‚ñ∫  https://www.youtube.com/channel/UCFzpLhfgdPPVJ_7YrVO-GSwGet yourself some Theory Wear! ‚ñ∫ https://bit.ly/2UkxCv0Don't miss a Film Theory! ‚ñ∫ http://bit.ly/1dI8VBH  #Dad #DadFeels  #NathanBarnatt #Weird #DadSeries #DadLore #Lore #Theory #FilmTheory #Matpat  #Scary #PoppyNeed Royalty Free Music for your Content? Try Epidemic Sound.Get Your 30 Day Free Trial Now ‚ñ∫ http://share.epidemicsound.com/TheFilmTheoristsMORE FILM THEORIESRick's True CRIME! | Rick and Morty ‚ñ∫‚ñ∫ https://bit.ly/2MVhP2WWill MORTY KILL RICK?! ‚ñ∫‚ñ∫ https://bit.ly/2qKFFFVHow PICKLE RICK Functions! ‚ñ∫‚ñ∫‚ñ∫ https://bit.ly/2JvU4fTBlair Witch's SECRET DANGER!  ‚ñ∫ https://bit.ly/2qhmv7aAriel & Hercules Are RELATED?! ‚ñ∫ https://bit.ly/32WnVWiCredits:Writer: Matthew Patrick and Inside A MindEditors: Forrest Lee and Koen VerhagenAssistant Editor: AlyssaBeCrazySound Editor: Yosi Berman","","[]","F0XVvi4qAzI"
0eFdq5Fd2TU,"Trying 2021 Nail Art Trends","UCGCVyTWogzQ4D170BLy2Arw","Simply Nailogical","0","0","https://i.ytimg.com/vi/0eFdq5Fd2TU/default.jpg","[]","Stay at home and paint your nailsüíÖüò∑Got boring nails? Just add a Holo Taco üíøüåÆ Sign up for email updates to be notified about restocks ‚û°Ô∏è http://holota.co/holothere1 ‚ô° Subscribe to never miss nÃ∂eÃ∂wÃ∂ Ã∂nÃ∂aÃ∂iÃ∂lÃ∂ Ã∂aÃ∂rÃ∂tÃ∂ Ã∂tÃ∂uÃ∂tÃ∂oÃ∂rÃ∂iÃ∂aÃ∂lÃ∂sÃ∂! http://bit.ly/subsimply‚ô° Subscribe to Holo Taco (for nail videos lol): http://bit.ly/SubHoloTaco‚ô° Subscribe to the Podcast to hear me have adult conversations: http://bit.ly/SubSimplyPodLogicalAllure article: https://www.allure.com/story/nail-trends-2021Simply historical piece on yellow nails: http://bit.ly/YellowNailsDontMatter_ _ _ _ _ _ _ _ _ _ _ _ _ _ _ _ _ _ _ _ _ _ _ _ _ _ _ _ _ _ _ _ _ _‚ô°PRODUCTS USED IN THIS VIDEO:‚ô°‚ô• Holo Taco - Peely Base‚ô• Holo Taco - Smoothing Base‚ô• Holo Taco - Rainbow Collection‚ô• Black & white acrylic paint: https://amzn.to/39hXEWN‚ô• Jade Crystal Glow Lolligloss Jelly (pink)‚ô• Holo Taco - Scattered Holo Taco & Flakie Holo Taco‚ô• Press-on nails: https://amzn.to/3bpeWny‚ô• Unreleased Holo TacosüëÄ‚ô• Essie orange: https://amzn.to/3bplK4z‚ô• OPI Nude: https://amzn.to/2LgiY7e‚ô• Essie brown: https://amzn.to/39g1S19‚ô• Essie pistachio: https://amzn.to/3q8HZ2P‚ô• Blue face masks: https://amzn.to/2Lye9WPTools:‚ô• Holo Taco - Rainbow Chrome Nail Tool Kit: https://www.holotaco.com/products/rainbow-chrome-nail-tool-kit‚ô• Holo Taco - One-Coat Black üñ§‚ô• Nail vinyls: http://bit.ly/NailVinyls1‚ô• Unreleased Holo Taco Brushes & clean-up brushüëÄ_ _ _ _ _ _ _ _ _ _ _ _ _ _ _ _ _ _ _ _ _ _ _ _ _ _ _ _ _ _ _ _ _ _Stalk me on all the social medias!http://instagram.com/simplynailogicalhttps://www.snapchat.com/add/simplynailogicahttps://twitter.com/nailogicalhttps://www.facebook.com/simplynailogicalhttp://www.simplynailogical.com (archival materials)My other YouTube channels:https://www.youtube.com/simplypodlogicalhttps://www.youtube.com/holotacohttps://www.youtube.com/simplynotlogical_ _ _ _ _ _ _ _ _ _ _ _ _ _ _ _ _ _ _ _ _ _ _ _ _ _ _ _ _ _ _ _ _ _I film my nail videos with this camera: http://amzn.to/1MgznhtThis 105mm macro lens: http://amzn.to/1Pi8PM3I filmed my face in this video with this camera: https://amzn.to/327OB7bThis lens: https://amzn.to/38HnBgUVoiceover mic: http://amzn.to/1MefGpGAudio recorder: https://amzn.to/3dbtg1wExternal mic: https://amzn.to/32AnO3gRing light for face-cams: http://amzn.to/2cU7cNOI edit my videos with: http://bit.ly/videoeditor1I get some cool editing filters from: https://motionvfx.sjv.io/Ze3bRCheck out my personalized Amazon page with stuff I like! https://www.amazon.com/shop/simplynailogicalMusic: http://share.epidemicsound.com/SIMPLY_ _ _ _ _ _ _ _ _ _ _ _ _ _ _ _ _ _ _ _ _ _ _ _ _ _ _ _ _ _ _ _ _ _Disclaimer cause I love you guys: This video was not sponsored by any of the brands mentioned. All opinions are my own. Some links above are affiliate links.","","[]","F0XVvi4qAzI"
6XK4S8OQPuU,"Henry Stickmin Distraction Dance 10 Hours","UCigq5lyCR6oS0bj88vBGu5g","10HoursMovies","0","0","https://i.ytimg.com/vi/6XK4S8OQPuU/default.jpg","[]","Buy The Henry Stickmin Collection on G2A: https://ad.admitad.com/g/ywiwv4mf5h39efebf0019b7920dcf6/?ulp=https%3A%2F%2Fwww.g2a.com%2Fthe-henry-stickmin-collection-pc-steam-gift-global-i10000207092002Inspired by: https://www.youtube.com/watch?v=7Xplhr7-TJsBoogie Toes Channel: https://www.youtube.com/c/RocketEspressoWOW24/7 Live Stream: https://www.youtube.com/c/10HoursMovies/liveJoin us on facebook: https://www.facebook.com/10HoursMoviesPlease send your suggestions about 10-hours video to: 10HoursMovies@gmail.comIf you have a good idea, I'll implement it ;)","","[]","F0XVvi4qAzI"
qofzlq-AUvM,"Tubbo SHOWS Ranboo his NUCLEAR BOMB FACTORY!","UC3CIpdIYVx6ltaw8g6Yuu_Q","Green Clips","0","0","https://i.ytimg.com/vi/qofzlq-AUvM/default.jpg","[]","Tubbo SHOWS Ranboo his NUCLEAR BOMB FACTORY!Clip Was From Tubbo's Latest Stream!https://www.twitch.tv/tubbo#Tubbo #NuclearWeapon #DreamSMP","","[]","F0XVvi4qAzI"
BxZFK0E9lg4,"Was TheOdd1sout Cancelled? (The Aftermath)","UCDEn-Tq2UQyS3YvK0NNHqjQ","Tagswag","0","0","https://i.ytimg.com/vi/BxZFK0E9lg4/default.jpg","[]","Theodd1sout is a popular youtuber with around 16 million subs who recently faced controversy on twitter. He made a joke in one of his old videos that people took offense too even though it was supposed to be the opposite and the joke was sarcasm. odd1sout responded and people were mad at his response because people wanted him to use /s to express sarcasm and he is not doing that. But today we read the replies to the actual thread and determine if theodd1sout was cancelled and no he wasn't twitter failed miserably.My first odd1sout video:Theodd1sout is Getting Cancelled Over a Joke: https://youtu.be/RygLKKU3OWk","","[]","F0XVvi4qAzI"
CZy3Geff_sc,"Dream Face Reveal...","UCOyX3_7wjAcXyF4Ge3Ci7VA","Jadyn","0","0","https://i.ytimg.com/vi/CZy3Geff_sc/default.jpg","[]","‚ñ∫ Dream Face Reveal...So Dream Just Did a Face Reveal, Now the last Few Days Dream Has Been Teasing His Face Reveal, Dream Made a Post On Twitter Saying He Filmed Something For The MrBeast YouTube Rewind, And Then Yesterday Dream Posted a Video Teasing His Face Reveal, Then Dream Fans Went Crazy On Twitter, They Started Trending Dream Is Real, They Got Excited For Dream's Face Reveal, Well Today Is The Day, MrBeast Uploaded His YouTube Rewind, and in The MrBeast Rewind Dream Did a Face Reveal, You Guys Will Never Believe What Dream Looks Like, Dream Looks Like His character, Dream is an Alien Guys, But in all Seriousness I Didn't Expect Dream to Reveal His Face, I Thought Maybe He would do something Like This, I Understand why Dream Hasn't Done a Face Reveal, There are Some Weird People Out There, Dream Probably wants to Protect Himself, So Will Dream Do a Face Reveal In The Future, Who Knows, Maybe He Will Maybe He Wont, But Its Up To Dream to do a Face Reveal, He Doesn't Have to Do A Face reveal If He Doesn't Want To, I Just Found It Funny How Dream Trolled Everyone, So many People thought Dream Was Doing a Face Reveal, Also I Thought The MrBeast Rewind Was Pretty Good, Not as Good as Pewdiepie YouTube Rewind, But Better Than YouTubes YouTube Rewind, So This is Dreams Face Reveal.Check Out My Other Commentary Videos                      Thumbnail Designer: My SelfFor Business Inquires Email:Jadynplayzgames@gmail.comüì±My Social Mediaüì±TikTok |https://vm.tiktok.com/ZMJUAsCUa/Discord |https://discord.gg/9q6jVvd#Dream #FaceReveal #MrBeast‚ñ¨ Contents of this video  ‚ñ¨‚ñ¨‚ñ¨‚ñ¨‚ñ¨‚ñ¨‚ñ¨‚ñ¨‚ñ¨‚ñ¨0:00 - Introduction","","[]","F0XVvi4qAzI"
1iqpSrNVjYQ,"Did Dream Fake His Speedrun - RESPONSE","UChU3JRloULzdFX3aCu7BiSA","DreamXD","0","0","https://i.ytimg.com/vi/1iqpSrNVjYQ/default.jpg","[]","Did Dream Fake His Speedrun - RESPONSE , I'm sure a lot of you have been waiting for this...This video I go over a recent video made by the Speedrun Mod team that claims that the odds that I got a series of drops over the span of a week is 1 in 7.5 trillion, and therefore came to the conclusion that I must have cheated. This video is meant to refute these claims. I encourage everyone to watch until the end, especially if they watched the original video.In this video we hear from a statistical expert with a PhD that wrote a 19 page analysis on what the mods did wrong. I also disprove some of the claims made in the original video. All relevant information should be viewable below.Although I would have loved to attempt to refute the math myself, I suck at math and would have looked like a complete idiot. So, that's where an expert comes in.Expert's Report & Analysis - https://drive.google.com/file/d/1yfLURFdDhMfrvI2cFMdYM8f_M_IRoAlM/view?usp=sharingWorld File - https://drive.google.com/file/d/1pfA1HVWkROlFRG4egWh0GYV5SpbJGozR/view?usp=sharingTutorial for viewing level.dat, go to https://irath96.github.io/webNBT/ , and upload the level.dat file from the folder there. You can see the raw contents on the right, and an easy to use GUI on the left.Jar File - https://drive.google.com/file/d/1OEuu6PWAbhYo3BlUT2hL8mM_aiVPa9Yu/view?usp=sharingThis can be decompiled using a Java Decompiler, but the modified dates can be verified on your computer.Thank you to Willz for giving a statement in this video.All revenue made from this video is being donated to the Minecraft Java Edition Speedrun Mod Team in order to fund development of an anti-cheater speedrun client.Generally, speedrunning is a past time of mine and is a lot of fun. I mostly look forward to the funny moments with my friends, and the challenge that it presents for me.Music From:Audioblocks,Lemmino - Cipher: https://www.youtube.com/watch?v=b0q5PR1xpA0Karl Casey @ White Bat Audio","","[]","F0XVvi4qAzI"
JKHsE7qsoXk,"Dream Was Cancelled...","UCOyX3_7wjAcXyF4Ge3Ci7VA","Jadyn","0","0","https://i.ytimg.com/vi/JKHsE7qsoXk/default.jpg","[]","‚ñ∫ Dream Was Cancelled...So Dream Is Being Cancelled, Now if you Dont Know Dream Has His Own SMP Called Dream SMP, Dream SMP Is The Biggest Minecraft SMP, Dream SMP Has almost every Big Minecraft YouTuber, Dream SMP Is Also a Scripted Roleplay, So YouTubers On Dream SMP Play a role and It makes The Dream SMP A lot More Entertaining than Other Minecraft SMP's, Now One Of The Most Popular Dream SMP Members Is TommyInnit, Dream and TommyInnit Have A Rivalry On The Dream SMP, Now a lot of People Have Taken The Rivalry Seriously, They Think Dream And Tommyinnit Dont Like Each Other, Because Of This Tommyinnit Fans Have Tried To Cancel Dream, They have Accused Dream of Terrible Things, Now Recently Dream Was Cancelled On Twitter, Basically Ninja Joined The Dream SMP, Ninja Mad a lot Of Jokes With TommyInnit, Then Dream Also Joined In And Made Some Jokes, Now Recently These Jokes have Resurfaced on Twitter, People Used These Jokes To Cancel Dream, Now i watched The TommyInnit Ninja Video, It was Clear That Ninja Was Joking With TommyInnit, Dream was Also Joking, So I Dont Think Dream Should Have Been Cancelled, Now This Wasn't The Only Time People Tried To Cancel Dream, Dream Was Streaming With Captain Sparkles and Made a Joke About The Cheaters, Then People Tried to Cancel Him Again Because Of This Joke, I Honestly Dont Think Dream Should Be Cancelled. It was clear he was Joking, People Shouldn't be Cancelled For Jokes, TommyInnit Was Fine With These Jokes, TommyInnit Probably Knew That Ninja would make These Jokes, And TommyInnit Even Made a Video About Ninja, So If TommyInnit Wasn't mad I Dont Think Other People Should Be, So This Is Why Dream Was Cancelled, And This is The Dream Drama Explained.Check Out My Other Commentary Videos                      Thumbnail Designer: My SelfFor Business Inquires Email:Jadynplayzgames@gmail.comüì±My Social Mediaüì±TikTok |https://vm.tiktok.com/ZMJUAsCUa/Discord |https://discord.gg/9q6jVvd#TommyInnit #Dream #Cancelled‚ñ¨ Contents of this video  ‚ñ¨‚ñ¨‚ñ¨‚ñ¨‚ñ¨‚ñ¨‚ñ¨‚ñ¨‚ñ¨‚ñ¨0:00 - Introduction","","[]","F0XVvi4qAzI"
6geZQBFQX8E,"Let‚Äôs Draw! | YIAY TIME","UCPcFg7aBbaVzXoIKSNqwaww","jacksfilms","0","0","https://i.ytimg.com/vi/6geZQBFQX8E/default.jpg","[]","Get your markers ready! Our players are ready to compete with their best self portrait and new emoji creations. The virtual audience is tasked with voting for the best and worst ones. Watch the all-star cast featuring AsapSCIENCE, Jaiden Animations, and Tim Chantarangsu.","","[]","F0XVvi4qAzI"
f2J-cjfYZNE,"RoomieOfficial  üíó Long Distance Love üíó {Cover}(4)","UCYRB0927Lrv31NZRvaUyoZQ","Music Dreamer","0","0","https://i.ytimg.com/vi/f2J-cjfYZNE/default.jpg","[]","RoomieOfficial üíó Long Distance Love üíó {Cover}#RoomieOfficial#JoelBerghult #RoomieOfficialLongDistanceLove#LongDistanceLove#RoomieJoelBerghult #JoelBerghultRoomie #RoomieYouTube #RoomieOfficialYouTube #RoomieSquad #RoomieArmy I Absolutely Love This Song!Such A Great Tune , To Sing , Chill Out To , Jam Out & Dance To & Also Makes Me Cry Tho lolLoves It Tho!Much Appreciated Loves &Support from Phoenix, Arizona Joel!üéºüíóüé§üòçüéπüé∂üíûüôåüéµTag Joel In Comments & On His Instagram & Twitter!I Really Want Joel To See This Video!üéºüòçüíñü•∞Enjoy & Stay A Little Bit Pitchy! & Don't Worry It's Apple Juice!Joel @RoomieOfficial On Twitter & Instagram Enjoy & Subscribe & Please Go Follow & Subscribe To RoomieOfficial ! I Know I'm Super Duper Late To Party But , {July 25th 2010}Happy 10 Years Since Joel Started YouTube!Congratulations Joel!!!!Tell Him I Sent Ya & I Said Hi & Much Appreciated Loves & Support from Phoenix, Arizona! One Day I Would Love To Collaborate With You Joel!Either A Song & Or Video Or Both Is Fine By Me!I've Been Watching Your Videos Since You've Created Your Channel! You Showed Me How Become Better At Doing What I Love & Want To Do In Life!I Wanna Become A Singer!I'm A Singer / Songwriter Myself lolI Have Written About Over At Least 60 + Songs!That's Only Just The Lyrics On Paper!I Have A Acoustic Guitar & A Yamaha Keyboard That I Got From My Parents For Christmas Gift Dec. 2019Guitar I Had Since 2 Half Years Now!Focusing On Playing Chords On Keyboard & I'm Getting Hang Of It & Getting better Learning!Guitar I Tend To Play Here & There But My Main Focus For Now Is The Keyboard!Maybe Oneday We Can Meet Up & Have An Opportunity To Work Together As Artists & Such! I Can Be Backing Vocals or On A Feature Song For Your Music!You Can Do The Same For Me lolI Hope You See / Watch This Joel!Loves Ya From Arizona & Keep On Going! üíóüéºüôÇüéπüôåüíûüéµüé∂üé§‚òÜ‚òÜ‚òÜ‚òÜ‚òÜ‚òÜ‚òÜ‚òÜ‚òÜ‚òÜ‚òÜ‚òÜ‚òÜ‚òÜ‚òÜ‚òÜ‚òÜ‚òÜ‚òÜ‚òÜ‚òÜ‚òÜEnjoy!‚òÜ FOLLOW Joel On ‚òÜTwitter: https://twitter.com/RoomieOfficialInstagram: https://instagram.com/RoomieOfficial Tik Tok: https://tiktok.com/RoomieOfficial Reddit: https://reddit.com/r/RoomieOfficial Spotify: https://open.spotify.com/artist/3ti6KzYwDK7GTraIlnLUduFollow Me On My Medias Here!‚òÜ Twitter.com/CKDePMusic ‚òÜ Instagram.com/CKDePMusic‚òÜ TikTok.com/bsbtroyeazlover ‚ô°‚ô°‚ô°‚ô°‚ô°‚ô°‚ô°‚ô°‚ô°‚ô°‚ô°‚ô°‚ô°‚ô°‚ô°‚ô°‚ô°‚ô°‚ô°‚ô°‚ô°‚ô°‚ô°","","[]","F0XVvi4qAzI"
upGo_kVMnMI,"Rick Astley Goes To Subway.","UCuzmobHELPtRp7xnWUzYdIQ","DOGGY BOI","0","0","https://i.ytimg.com/vi/upGo_kVMnMI/default.jpg","[]","hehe subwayinspired by YeetydaThanks For Watching!Rick Astley Goes To Subway.sub for support :)Rick Astley Goes To SubwayRick Astley Robs MrBeastRick Astley Commits A CrimeRick Astley Eats Taco SubRick Astley Tries MrBeast BurgerRick Astley Eats HamburgerRick Astley Cooks HamburgersRick Astley Goes To Burger KingRick Astley Goes To In N OutRick Astley Goes To MrBeast BurgerRick Astley Robs MrBeastRick Astley Goes To McDonaldsRick Astley Robs StarbucksJoin My Discord: https://discord.gg/5u6VeF4GSources:Edited with Shotcut Video Editor: https://shotcut.orgScreen Shotter with Snipping Tool: https://support.microsoft.com/en-us/windows/use-snipping-tool-to-capture-screenshots-00246869-1843-655f-f220-97299b865f6bLaptop Specs:Lenovo Thinkpad X390Intel Core i7 8th Gen16GB RAM512GB Storage#memes#memerguy#doggyboi#mrbeast#ImOof#Starex#rickastley#money#robbing#subway#Rickroll #Rickastley #Nevergonnagiveyouup #DOGGYBOI #Rickastleylovestaco #Memes #RickrollmemesNever gonna give you upNever gonna let you downNever gonna run around and desert youNever gonna make you cryNever gonna say goodbyeNever gonna tell a lie and hurt youtagsrick astley,never gonna let you down,never gonna give you up,rick astley gives up on life,rick astley gives up,rick astley meme,say goodbye rick astley,never gonna give you up meme,you know the rules and so do i,rick astley give up,rick astley never gonna give you up,rick astley just wants to commit die,rick astley never gonna give you up live,never gonna give you up rick astley,rick astley never gonna give you up lyrics,rick astley wants to let you down!,rick astley desert never gonna give you up,rick astley,rick astley gives up,rick astley never gonna give you up,rick astley gives up on life,never gonna give you up meme,never gonna give you up remix,rick astley meme,rick astley give up,say goodbye rick astley,rick astley give you up,rick astley gives you bobux,gonna give you up,rick astley gives up memes,i just wanna give you up,you know the rules and so do i,i just wanna give you up rick astley,never gonna give you up rick astley pop cat,pop cat meme,rick astley meme,rick astley give up,rick astley rick rolled,rick astley but,rick astley 2020,rick astley a meme,rick astley dame dame,rick astley baka mitai,rick astley never gonna give you up,rick astley eat breakfast,rick astley forgets his lyrics,pop cat meme compilation,rick astley got rick rolled,rick astley,rick astley . rick roll memes memes memes,pop pop cat,rick astley . rick roll memes memes memes memes,meme pop cat,pop cat disappears,pop pop pop catignore theserick astley washes his car, rick astley gets arrested, rick roll meme, rick astley is a man, rick astley gets mad, rick astley kills you, rick astley steals, rick astley plays roblox, rick astley plays minecraft, rick astley goes trick or treating, rick astley gets rick rolled, rick astley loves hamburger, rick astley breaks out of jail, rick astley gets crashed, rick astley gets bald, rick astley gets a hair cut, rick astley reads a book, rick astley is a teacher, rick astley is smart, rick astley raids Area 51, rick astley hates you, rick astley memes funny, rick astley goes die, rick astley gives up, rick astley is mean, rick astley gets bulliedtagsrick astley goes die, rick astley walks to Burger King, Rick astley raids Area 51, rick astley gets rick rolled, rick astley washes his car, rick astley is a sheep, rick astley loves sheep, rick astley does his math, rick astley eats candy, rick astley is hungry, rick astley kills you, rick astley plays Roblox, rick astley is a simp, rick astley becomes a youtuber, rick astley goes up, rick astley goes down, rick astley goes to Venus, rick astley gets his gun, how Rick astley gets his gun, Rick astley becomes a gamer, rick astley buys a new microphone, rick astley becomes a school shooter, rick astley wants to become gay, rick astley is gay, rick astley meets Obama, rick astley meets Donald trump, rick astley becomes a cop, rick astley hates Donald trump, You know the rules, and so do I, say goodbye, rick astley meme, rick astley memer, Rick astley goes to heaven, Rick astley eats stickbug, Rick astley steps on stickbug, rick astley stole a video, rick astley is depressed, rick astley goes to China, rick astley goes to Brazil, rick astley goes to Canada, rick astley goes to India, rick astley goes to school, rick astley lives in a house, rick astley memes funny, rick astley has a computer virus, rick astley hates his life, rick astley commits die, rick astley plays among us, rick astley is the imposter, rick astley is the shooter, rick astley is creepy, rick astley is afraid of the dark, rick astley hates sleeping, Rick astley loves gaming, Rick astley starts a YouTube channel, rick astley wants to give up, rick astley gives up on you, rick astley uno reverse card.","","[]","F0XVvi4qAzI"
77q7DkYvzlk,"after Ranboos lore part ended","UCG3J78tM2lixi_iR9e6sRbg","GhostBooBlue","0","0","https://i.ytimg.com/vi/77q7DkYvzlk/default.jpg","[]","","","[]","F0XVvi4qAzI"
